{
  "python_bleu_before": 0.0006913153027662044,
  "python_bleu_after": 0.0006913153027662044,
  "js_bleu": 9.90081328325171e-07,
  "python_pass_before": 0.26,
  "python_pass_after": 0.26,
  "js_pass": 0.28,
  "python_meteor_before": 0.0,
  "python_meteor_after": 0.0,
  "js_meteor": 0.0,
  "python_edit_distance_before": 0.953168413277006,
  "python_edit_distance_after": 0.953168413277006,
  "js_edit_distance": 0.9683267959888433,
  "python_complexity_before": 1.62,
  "python_complexity_after": 1.62,
  "js_complexity": 1.24,
  "python_ast_similarity_before": 0.26,
  "python_ast_similarity_after": 0.26,
  "js_ast_similarity": 0.5,
  "forward_transfer": -0.09999900991867168,
  "backward_interference": 0.0,
  "retention_score": 0.0003461526920472648,
  "training_time": 69.07041226625442,
  "memory_usage": 4.790679931640625,
  "forgetting_rate": 0.0,
  "expansion_parameters": 1579020,
  "expansion_percentage": 2.5438806606105353
}